Bangued,Municipality,140100000,PH
Boliney,Municipality,140100000,PH
Bucay,Municipality,140100000,PH
Bucloc,Municipality,140100000,PH
Daguioman,Municipality,140100000,PH
Danglas,Municipality,140100000,PH
Dolores,Municipality,140100000,PH
La Paz,Municipality,140100000,PH
Lacub,Municipality,140100000,PH
Lagangilang,Municipality,140100000,PH
Lagayan,Municipality,140100000,PH
Langiden,Municipality,140100000,PH
Licuan-Baay,Municipality,140100000,PH
Luba,Municipality,140100000,PH
Malibcong,Municipality,140100000,PH
Manabo,Municipality,140100000,PH
Peñarrubia,Municipality,140100000,PH
Pidigan,Municipality,140100000,PH
Pilar,Municipality,140100000,PH
Sallapadan,Municipality,140100000,PH
San Isidro,Municipality,140100000,PH
San Juan,Municipality,140100000,PH
San Quintin,Municipality,140100000,PH
Tayum,Municipality,140100000,PH
Tineg,Municipality,140100000,PH
Tubo,Municipality,140100000,PH
Villaviciosa,Municipality,140100000,PH
Butuan City,City,160200000,PH
Buenavista,Municipality,160200000,PH
Cabadbaran,Municipality,160200000,PH
Carmen,Municipality,160200000,PH
Jabonga,Municipality,160200000,PH
Kitcharao,Municipality,160200000,PH
Las Nieves,Municipality,160200000,PH
Magallanes,Municipality,160200000,PH
Nasipit,Municipality,160200000,PH
Remedios T. Romualdez,Municipality,160200000,PH
Santiago,Municipality,160200000,PH
Tubay,Municipality,160200000,PH
Bayugan,Municipality,160300000,PH
Bunawan,Municipality,160300000,PH
Esperanza,Municipality,160300000,PH
La Paz,Municipality,160300000,PH
Loreto,Municipality,160300000,PH
Prosperidad,Municipality,160300000,PH
Rosario,Municipality,160300000,PH
San Francisco,Municipality,160300000,PH
San Luis,Municipality,160300000,PH
Santa Josefa,Municipality,160300000,PH
Sibagat,Municipality,160300000,PH
Talacogon,Municipality,160300000,PH
Trento,Municipality,160300000,PH
Veruela,Municipality,160300000,PH
Altavas,Municipality,060400000,PH
Balete,Municipality,060400000,PH
Banga,Municipality,060400000,PH
Batan,Municipality,060400000,PH
Buruanga,Municipality,060400000,PH
Ibajay,Municipality,060400000,PH
Kalibo,Municipality,060400000,PH
Lezo,Municipality,060400000,PH
Libacao,Municipality,060400000,PH
Madalag,Municipality,060400000,PH
Makato,Municipality,060400000,PH
Malay,Municipality,060400000,PH
Malinao,Municipality,060400000,PH
Nabas,Municipality,060400000,PH
New Washington,Municipality,060400000,PH
Numancia,Municipality,060400000,PH
Tangalan,Municipality,060400000,PH
Legazpi City,City,050500000,PH
Ligao City,City,050500000,PH
Tabaco City,City,050500000,PH
Bacacay,Municipality,050500000,PH
Camalig,Municipality,050500000,PH
Daraga,Municipality,050500000,PH
Guinobatan,Municipality,050500000,PH
Jovellar,Municipality,050500000,PH
Libon,Municipality,050500000,PH
Malilipot,Municipality,050500000,PH
Malinao,Municipality,050500000,PH
Manito,Municipality,050500000,PH
Oas,Municipality,050500000,PH
Pio Duran,Municipality,050500000,PH
Polangui,Municipality,050500000,PH
Rapu-Rapu,Municipality,050500000,PH
Santo Domingo,Municipality,050500000,PH
Tiwi,Municipality,050500000,PH
Anini-y,Municipality,060600000,PH
Barbaza,Municipality,060600000,PH
Belison,Municipality,060600000,PH
Bugasong,Municipality,060600000,PH
Caluya,Municipality,060600000,PH
Culasi,Municipality,060600000,PH
Hamtic,Municipality,060600000,PH
Laua-an,Municipality,060600000,PH
Libertad,Municipality,060600000,PH
Pandan,Municipality,060600000,PH
Patnongon,Municipality,060600000,PH
San Jose,Municipality,060600000,PH
San Remigio,Municipality,060600000,PH
Sebaste,Municipality,060600000,PH
Sibalom,Municipality,060600000,PH
Tibiao,Municipality,060600000,PH
Tobias Fornier,Municipality,060600000,PH
Valderrama,Municipality,060600000,PH
Calanasan,Municipality,148100000,PH
Conner,Municipality,148100000,PH
Flora,Municipality,148100000,PH
Kabugao,Municipality,148100000,PH
Luna,Municipality,148100000,PH
Pudtol,Municipality,148100000,PH
Santa Marcela,Municipality,148100000,PH
Baler,Municipality,037700000,PH
Casiguran,Municipality,037700000,PH
Dilasag,Municipality,037700000,PH
Dinalungan,Municipality,037700000,PH
Dingalan,Municipality,037700000,PH
Dipaculao,Municipality,037700000,PH
Maria Aurora,Municipality,037700000,PH
San Luis,Municipality,037700000,PH
Isabela City,City,150700000,PH
Akbar,Municipality,150700000,PH
Al-Barka,Municipality,150700000,PH
Hadji Mohammad Ajul,Municipality,150700000,PH
Lamitan,Municipality,150700000,PH
Lantawan,Municipality,150700000,PH
Maluso,Municipality,150700000,PH
Sumisip,Municipality,150700000,PH
Tipo-Tipo,Municipality,150700000,PH
Tuburan,Municipality,150700000,PH
Ungkaya Pukan,Municipality,150700000,PH
Balanga City,City,030800000,PH
Abucay,Municipality,030800000,PH
Bagac,Municipality,030800000,PH
Dinalupihan,Municipality,030800000,PH
Hermosa,Municipality,030800000,PH
Limay,Municipality,030800000,PH
Mariveles,Municipality,030800000,PH
Morong,Municipality,030800000,PH
Orani,Municipality,030800000,PH
Orion,Municipality,030800000,PH
Pilar,Municipality,030800000,PH
Samal,Municipality,030800000,PH
Basco,Municipality,020900000,PH
Itbayat,Municipality,020900000,PH
Ivana,Municipality,020900000,PH
Mahatao,Municipality,020900000,PH
Sabtang,Municipality,020900000,PH
Uyugan,Municipality,020900000,PH
Batangas City,City,041000000,PH
Lipa City,City,041000000,PH
Tanauan City,City,041000000,PH
Agoncillo,Municipality,041000000,PH
Alitagtag,Municipality,041000000,PH
Balayan,Municipality,041000000,PH
Balete,Municipality,041000000,PH
Bauan,Municipality,041000000,PH
Calaca,Municipality,041000000,PH
Calatagan,Municipality,041000000,PH
Cuenca,Municipality,041000000,PH
Ibaan,Municipality,041000000,PH
Laurel,Municipality,041000000,PH
Lemery,Municipality,041000000,PH
Lian,Municipality,041000000,PH
Lobo,Municipality,041000000,PH
Mabini,Municipality,041000000,PH
Malvar,Municipality,041000000,PH
Mataas na Kahoy,Municipality,041000000,PH
Nasugbu,Municipality,041000000,PH
Padre Garcia,Municipality,041000000,PH
Rosario,Municipality,041000000,PH
San Jose,Municipality,041000000,PH
San Juan,Municipality,041000000,PH
San Luis,Municipality,041000000,PH
San Nicolas,Municipality,041000000,PH
San Pascual,Municipality,041000000,PH
Santa Teresita,Municipality,041000000,PH
Santo Tomas,Municipality,041000000,PH
Taal,Municipality,041000000,PH
Talisay,Municipality,041000000,PH
Taysan,Municipality,041000000,PH
Tingloy,Municipality,041000000,PH
Tuy,Municipality,041000000,PH
Baguio City,City,141100000,PH
Atok,Municipality,141100000,PH
Bakun,Municipality,141100000,PH
Bokod,Municipality,141100000,PH
Buguias,Municipality,141100000,PH
Itogon,Municipality,141100000,PH
Kabayan,Municipality,141100000,PH
Kapangan,Municipality,141100000,PH
Kibungan,Municipality,141100000,PH
La Trinidad,Municipality,141100000,PH
Mankayan,Municipality,141100000,PH
Sablan,Municipality,141100000,PH
Tuba,Municipality,141100000,PH
Tublay,Municipality,141100000,PH
Almeria,Municipality,087800000,PH
Biliran,Municipality,087800000,PH
Cabucgayan,Municipality,087800000,PH
Caibiran,Municipality,087800000,PH
Culaba,Municipality,087800000,PH
Kawayan,Municipality,087800000,PH
Maripipi,Municipality,087800000,PH
Naval,Municipality,087800000,PH
Tagbilaran City,City,071200000,PH
Alburquerque,Municipality,071200000,PH
Alicia,Municipality,071200000,PH
Anda,Municipality,071200000,PH
Antequera,Municipality,071200000,PH
Baclayon,Municipality,071200000,PH
Balilihan,Municipality,071200000,PH
Batuan,Municipality,071200000,PH
Bien Unido,Municipality,071200000,PH
Bilar,Municipality,071200000,PH
Buenavista,Municipality,071200000,PH
Calape,Municipality,071200000,PH
Candijay,Municipality,071200000,PH
Carmen,Municipality,071200000,PH
Catigbian,Municipality,071200000,PH
Clarin,Municipality,071200000,PH
Corella,Municipality,071200000,PH
Cortes,Municipality,071200000,PH
Dagohoy,Municipality,071200000,PH
Danao,Municipality,071200000,PH
Dauis,Municipality,071200000,PH
Dimiao,Municipality,071200000,PH
Duero,Municipality,071200000,PH
Garcia Hernandez,Municipality,071200000,PH
Guindulman,Municipality,071200000,PH
Inabanga,Municipality,071200000,PH
Jagna,Municipality,071200000,PH
Jetafe,Municipality,071200000,PH
Lila,Municipality,071200000,PH
Loay,Municipality,071200000,PH
Loboc,Municipality,071200000,PH
Loon,Municipality,071200000,PH
Mabini,Municipality,071200000,PH
Maribojoc,Municipality,071200000,PH
Panglao,Municipality,071200000,PH
Pilar,Municipality,071200000,PH
Pres. Carlos P. Garcia,Municipality,071200000,PH
Sagbayan,Municipality,071200000,PH
San Isidro,Municipality,071200000,PH
San Miguel,Municipality,071200000,PH
Sevilla,Municipality,071200000,PH
Sierra Bullones,Municipality,071200000,PH
Sikatuna,Municipality,071200000,PH
Talibon,Municipality,071200000,PH
Trinidad,Municipality,071200000,PH
Tubigon,Municipality,071200000,PH
Ubay,Municipality,071200000,PH
Valencia,Municipality,071200000,PH
Malaybalay City,City,101300000,PH
Valencia City,City,101300000,PH
Baungon,Municipality,101300000,PH
Cabanglasan,Municipality,101300000,PH
Damulog,Municipality,101300000,PH
Dangcagan,Municipality,101300000,PH
Don Carlos,Municipality,101300000,PH
Impasug-Ong,Municipality,101300000,PH
Kadingilan,Municipality,101300000,PH
Kalilangan,Municipality,101300000,PH
Kibawe,Municipality,101300000,PH
Kitaotao,Municipality,101300000,PH
Lantapan,Municipality,101300000,PH
Libona,Municipality,101300000,PH
Malitbog,Municipality,101300000,PH
Manolo Fortich,Municipality,101300000,PH
Maramag,Municipality,101300000,PH
Pangantucan,Municipality,101300000,PH
Quezon,Municipality,101300000,PH
San Fernando,Municipality,101300000,PH
Sumilao,Municipality,101300000,PH
Talakag,Municipality,101300000,PH
Malolos City,City,031400000,PH
Meycauayan City,City,031400000,PH
San Jose del Monte City,City,031400000,PH
Angat,Municipality,031400000,PH
Balagtas,Municipality,031400000,PH
Baliuag,Municipality,031400000,PH
Bocaue,Municipality,031400000,PH
Bulacan,Municipality,031400000,PH
Bustos,Municipality,031400000,PH
Calumpit,Municipality,031400000,PH
Doña Remedios Trinidad,Municipality,031400000,PH
Guiguinto,Municipality,031400000,PH
Hagonoy,Municipality,031400000,PH
Marilao,Municipality,031400000,PH
Norzagaray,Municipality,031400000,PH
Obando,Municipality,031400000,PH
Pandi,Municipality,031400000,PH
Paombong,Municipality,031400000,PH
Plaridel,Municipality,031400000,PH
Pulilan,Municipality,031400000,PH
San Ildefonso,Municipality,031400000,PH
San Miguel,Municipality,031400000,PH
San Rafael,Municipality,031400000,PH
Santa Maria,Municipality,031400000,PH
Tuguegarao City,City,021500000,PH
Abulug,Municipality,021500000,PH
Alcala,Municipality,021500000,PH
Allacapan,Municipality,021500000,PH
Amulung,Municipality,021500000,PH
Aparri,Municipality,021500000,PH
Baggao,Municipality,021500000,PH
Ballesteros,Municipality,021500000,PH
Buguey,Municipality,021500000,PH
Calayan,Municipality,021500000,PH
Camalaniugan,Municipality,021500000,PH
Claveria,Municipality,021500000,PH
Enrile,Municipality,021500000,PH
Gattaran,Municipality,021500000,PH
Gonzaga,Municipality,021500000,PH
Iguig,Municipality,021500000,PH
Lal-Lo,Municipality,021500000,PH
Lasam,Municipality,021500000,PH
Pamplona,Municipality,021500000,PH
Peñablanca,Municipality,021500000,PH
Piat,Municipality,021500000,PH
Rizal,Municipality,021500000,PH
Sanchez-Mira,Municipality,021500000,PH
Santa Ana,Municipality,021500000,PH
Santa Praxedes,Municipality,021500000,PH
Santa Teresita,Municipality,021500000,PH
Santo Niño,Municipality,021500000,PH
Solana,Municipality,021500000,PH
Tuao,Municipality,021500000,PH
Basud,Municipality,051600000,PH
Capalonga,Municipality,051600000,PH
Daet,Municipality,051600000,PH
Jose Panganiban,Municipality,051600000,PH
Labo,Municipality,051600000,PH
Mercedes,Municipality,051600000,PH
Paracale,Municipality,051600000,PH
San Lorenzo Ruiz,Municipality,051600000,PH
San Vicente,Municipality,051600000,PH
Santa Elena,Municipality,051600000,PH
Talisay,Municipality,051600000,PH
Vinzons,Municipality,051600000,PH
Iriga City,City,051700000,PH
Naga City,City,051700000,PH
Baao,Municipality,051700000,PH
Balatan,Municipality,051700000,PH
Bato,Municipality,051700000,PH
Bombon,Municipality,051700000,PH
Buhi,Municipality,051700000,PH
Bula,Municipality,051700000,PH
Cabusao,Municipality,051700000,PH
Calabanga,Municipality,051700000,PH
Camaligan,Municipality,051700000,PH
Canaman,Municipality,051700000,PH
Caramoan,Municipality,051700000,PH
Del Gallego,Municipality,051700000,PH
Gainza,Municipality,051700000,PH
Garchitorena,Municipality,051700000,PH
Goa,Municipality,051700000,PH
Lagonoy,Municipality,051700000,PH
Libmanan,Municipality,051700000,PH
Lupi,Municipality,051700000,PH
Magarao,Municipality,051700000,PH
Milaor,Municipality,051700000,PH
Minalabac,Municipality,051700000,PH
Nabua,Municipality,051700000,PH
Ocampo,Municipality,051700000,PH
Pamplona,Municipality,051700000,PH
Pasacao,Municipality,051700000,PH
Pili,Municipality,051700000,PH
Presentacion,Municipality,051700000,PH
Ragay,Municipality,051700000,PH
Sagñay,Municipality,051700000,PH
San Fernando,Municipality,051700000,PH
San Jose,Municipality,051700000,PH
Sipocot,Municipality,051700000,PH
Siruma,Municipality,051700000,PH
Tigaon,Municipality,051700000,PH
Tinambac,Municipality,051700000,PH
Catarman,Municipality,101800000,PH
Guinsiliban,Municipality,101800000,PH
Mahinog,Municipality,101800000,PH
Mambajao,Municipality,101800000,PH
Sagay,Municipality,101800000,PH
Roxas City,City,061900000,PH
Cuartero,Municipality,061900000,PH
Dao,Municipality,061900000,PH
Dumalag,Municipality,061900000,PH
Dumarao,Municipality,061900000,PH
Ivisan,Municipality,061900000,PH
Jamindan,Municipality,061900000,PH
Ma-ayon,Municipality,061900000,PH
Mambusao,Municipality,061900000,PH
Panay,Municipality,061900000,PH
Panitan,Municipality,061900000,PH
Pilar,Municipality,061900000,PH
Pontevedra,Municipality,061900000,PH
President Roxas,Municipality,061900000,PH
Sapi-an,Municipality,061900000,PH
Sigma,Municipality,061900000,PH
Tapaz,Municipality,061900000,PH
Bagamanoc,Municipality,052000000,PH
Baras,Municipality,052000000,PH
Bato,Municipality,052000000,PH
Caramoran,Municipality,052000000,PH
Gigmoto,Municipality,052000000,PH
Pandan,Municipality,052000000,PH
Panganiban,Municipality,052000000,PH
San Andres,Municipality,052000000,PH
San Miguel,Municipality,052000000,PH
Viga,Municipality,052000000,PH
Virac,Municipality,052000000,PH
Cavite City,City,042100000,PH
Tagaytay City,City,042100000,PH
Trece Martires City,City,042100000,PH
Alfonso,Municipality,042100000,PH
Amadeo,Municipality,042100000,PH
Bacoor,Municipality,042100000,PH
Carmona,Municipality,042100000,PH
Dasmariñas,Municipality,042100000,PH
Gen. Mariano Alvarez,Municipality,042100000,PH
Gen. Emilio Aguinaldo,Municipality,042100000,PH
Gen. Trias,Municipality,042100000,PH
Imus,Municipality,042100000,PH
Indang,Municipality,042100000,PH
Kawit,Municipality,042100000,PH
Magallanes,Municipality,042100000,PH
Maragondon,Municipality,042100000,PH
Mendez,Municipality,042100000,PH
Naic,Municipality,042100000,PH
Noveleta,Municipality,042100000,PH
Rosario,Municipality,042100000,PH
Silang,Municipality,042100000,PH
Tanza,Municipality,042100000,PH
Ternate,Municipality,042100000,PH
Cebu City,City,072200000,PH
Danao City,City,072200000,PH
Lapu-Lapu City,City,072200000,PH
Mandaue City,City,072200000,PH
Talisay City,City,072200000,PH
Toledo City,City,072200000,PH
Alcantara,Municipality,072200000,PH
Alcoy,Municipality,072200000,PH
Alegria,Municipality,072200000,PH
Aloguinsan,Municipality,072200000,PH
Argao,Municipality,072200000,PH
Asturias,Municipality,072200000,PH
Badian,Municipality,072200000,PH
Balamban,Municipality,072200000,PH
Bantayan,Municipality,072200000,PH
Barili,Municipality,072200000,PH
Bogo,Municipality,072200000,PH
Boljoon,Municipality,072200000,PH
Borbon,Municipality,072200000,PH
Carcar,Municipality,072200000,PH
Carmen,Municipality,072200000,PH
Catmon,Municipality,072200000,PH
Compostela,Municipality,072200000,PH
Consolacion,Municipality,072200000,PH
Cordoba,Municipality,072200000,PH
Daanbantayan,Municipality,072200000,PH
Dalaguete,Municipality,072200000,PH
Dumanjug,Municipality,072200000,PH
Ginatilan,Municipality,072200000,PH
Liloan,Municipality,072200000,PH
Madridejos,Municipality,072200000,PH
Malabuyoc,Municipality,072200000,PH
Medellin,Municipality,072200000,PH
Minglanilla,Municipality,072200000,PH
Moalboal,Municipality,072200000,PH
Naga,Municipality,072200000,PH
Oslob,Municipality,072200000,PH
Pilar,Municipality,072200000,PH
Pinamungahan,Municipality,072200000,PH
Poro,Municipality,072200000,PH
Ronda,Municipality,072200000,PH
Samboan,Municipality,072200000,PH
San Fernando,Municipality,072200000,PH
San Francisco,Municipality,072200000,PH
San Remigio,Municipality,072200000,PH
Santa Fe,Municipality,072200000,PH
Santander,Municipality,072200000,PH
Sibonga,Municipality,072200000,PH
Sogod,Municipality,072200000,PH
Tabogon,Municipality,072200000,PH
Tabuelan,Municipality,072200000,PH
Tuburan,Municipality,072200000,PH
Tudela,Municipality,072200000,PH
Compostela,Municipality,118200000,PH
Laak,Municipality,118200000,PH
Mabini,Municipality,118200000,PH
Maco,Municipality,118200000,PH
Maragusan,Municipality,118200000,PH
Mawab,Municipality,118200000,PH
Monkayo,Municipality,118200000,PH
Montevista,Municipality,118200000,PH
Nabunturan,Municipality,118200000,PH
New Bataan,Municipality,118200000,PH
Pantukan,Municipality,118200000,PH
Kidapawan City,City,124700000,PH
Alamada,Municipality,124700000,PH
Aleosan,Municipality,124700000,PH
Antipas,Municipality,124700000,PH
Arakan,Municipality,124700000,PH
Banisilan,Municipality,124700000,PH
Carmen,Municipality,124700000,PH
Kabacan,Municipality,124700000,PH
Libungan,Municipality,124700000,PH
M'Lang,Municipality,124700000,PH
Magpet,Municipality,124700000,PH
Makilala,Municipality,124700000,PH
Matalam,Municipality,124700000,PH
Midsayap,Municipality,124700000,PH
Pigkawayan,Municipality,124700000,PH
Pikit,Municipality,124700000,PH
President Roxas,Municipality,124700000,PH
Tulunan,Municipality,124700000,PH
Island Garden City of Samal,City,112300000,PH
Panabo City,City,112300000,PH
Tagum City,City,112300000,PH
Asuncion,Municipality,112300000,PH
Braulio E. Dujali,Municipality,112300000,PH
Carmen,Municipality,112300000,PH
Kapalong,Municipality,112300000,PH
New Corella,Municipality,112300000,PH
San Isidro,Municipality,112300000,PH
Santo Tomas,Municipality,112300000,PH
Talaingod,Municipality,112300000,PH
Davao City,City,112400000,PH
Digos City,City,112400000,PH
Bansalan,Municipality,112400000,PH
Don Marcelino,Municipality,112400000,PH
Hagonoy,Municipality,112400000,PH
Jose Abad Santos,Municipality,112400000,PH
Kiblawan,Municipality,112400000,PH
Magsaysay,Municipality,112400000,PH
Malalag,Municipality,112400000,PH
Malita,Municipality,112400000,PH
Matanao,Municipality,112400000,PH
Padada,Municipality,112400000,PH
Santa Cruz,Municipality,112400000,PH
Santa Maria,Municipality,112400000,PH
Sarangani,Municipality,112400000,PH
Sulop,Municipality,112400000,PH
Baganga,Municipality,112500000,PH
Banaybanay,Municipality,112500000,PH
Boston,Municipality,112500000,PH
Caraga,Municipality,112500000,PH
Cateel,Municipality,112500000,PH
Governor Generoso,Municipality,112500000,PH
Lupon,Municipality,112500000,PH
Manay,Municipality,112500000,PH
Mati,Municipality,112500000,PH
San Isidro,Municipality,112500000,PH
Tarragona,Municipality,112500000,PH
Basilisia (Rizal),Municipality,168500000,PH
Cagdianao,Municipality,168500000,PH
Dinagat,Municipality,168500000,PH
Libjo (Albor),Municipality,168500000,PH
Loreto,Municipality,168500000,PH
San Jose,Municipality,168500000,PH
Tubajon,Municipality,168500000,PH
Arteche,Municipality,082600000,PH
Balangiga,Municipality,082600000,PH
Balangkayan,Municipality,082600000,PH
Borongan,Municipality,082600000,PH
Can-avid,Municipality,082600000,PH
Dolores,Municipality,082600000,PH
General MacArthur,Municipality,082600000,PH
Giporlos,Municipality,082600000,PH
Guiuan,Municipality,082600000,PH
Hernani,Municipality,082600000,PH
Jipapad,Municipality,082600000,PH
Lawaan,Municipality,082600000,PH
Llorente,Municipality,082600000,PH
Maslog,Municipality,082600000,PH
Maydolong,Municipality,082600000,PH
Mercedes,Municipality,082600000,PH
Oras,Municipality,082600000,PH
Quinapondan,Municipality,082600000,PH
Salcedo,Municipality,082600000,PH
San Julian,Municipality,082600000,PH
San Policarpo,Municipality,082600000,PH
Sulat,Municipality,082600000,PH
Taft,Municipality,082600000,PH
Buenavista,Municipality,067900000,PH
Jordan,Municipality,067900000,PH
Nueva Valencia,Municipality,067900000,PH
San Lorenzo,Municipality,067900000,PH
Sibunag,Municipality,067900000,PH
Aguinaldo,Municipality,142700000,PH
Alfonso Lista,Municipality,142700000,PH
Asipulo,Municipality,142700000,PH
Banaue,Municipality,142700000,PH
Hingyon,Municipality,142700000,PH
Hungduan,Municipality,142700000,PH
Kiangan,Municipality,142700000,PH
Lagawe,Municipality,142700000,PH
Lamut,Municipality,142700000,PH
Mayoyao,Municipality,142700000,PH
Tinoc,Municipality,142700000,PH
Laoag City,City,012800000,PH
Adams,Municipality,012800000,PH
Bacarra,Municipality,012800000,PH
Badoc,Municipality,012800000,PH
Bangui,Municipality,012800000,PH
Banna,Municipality,012800000,PH
Batac,Municipality,012800000,PH
Burgos,Municipality,012800000,PH
Carasi,Municipality,012800000,PH
Currimao,Municipality,012800000,PH
Dingras,Municipality,012800000,PH
Dumalneg,Municipality,012800000,PH
Marcos,Municipality,012800000,PH
Nueva Era,Municipality,012800000,PH
Pagudpud,Municipality,012800000,PH
Paoay,Municipality,012800000,PH
Pasuquin,Municipality,012800000,PH
Piddig,Municipality,012800000,PH
Pinili,Municipality,012800000,PH
San Nicolas,Municipality,012800000,PH
Sarrat,Municipality,012800000,PH
Solsona,Municipality,012800000,PH
Vintar,Municipality,012800000,PH
Candon City,City,012900000,PH
Vigan City,City,012900000,PH
Alilem,Municipality,012900000,PH
Banayoyo,Municipality,012900000,PH
Bantay,Municipality,012900000,PH
Burgos,Municipality,012900000,PH
Cabugao,Municipality,012900000,PH
Caoayan,Municipality,012900000,PH
Cervantes,Municipality,012900000,PH
Galimuyod,Municipality,012900000,PH
Gregorio Del Pilar,Municipality,012900000,PH
Lidlidda,Municipality,012900000,PH
Magsingal,Municipality,012900000,PH
Nagbukel,Municipality,012900000,PH
Narvacan,Municipality,012900000,PH
Quirino,Municipality,012900000,PH
Salcedo,Municipality,012900000,PH
San Emilio,Municipality,012900000,PH
San Esteban,Municipality,012900000,PH
San Ildefonso,Municipality,012900000,PH
San Juan,Municipality,012900000,PH
San Vicente,Municipality,012900000,PH
Santa,Municipality,012900000,PH
Santa Catalina,Municipality,012900000,PH
Santa Cruz,Municipality,012900000,PH
Santa Lucia,Municipality,012900000,PH
Santa Maria,Municipality,012900000,PH
Santiago,Municipality,012900000,PH
Santo Domingo,Municipality,012900000,PH
Sigay,Municipality,012900000,PH
Sinait,Municipality,012900000,PH
Sugpon,Municipality,012900000,PH
Suyo,Municipality,012900000,PH
Tagudin,Municipality,012900000,PH
Passi City,City,063000000,PH
Iloilo City,City,063000000,PH
Ajuy,Municipality,063000000,PH
Alimodian,Municipality,063000000,PH
Anilao,Municipality,063000000,PH
Badiangan,Municipality,063000000,PH
Balasan,Municipality,063000000,PH
Banate,Municipality,063000000,PH
Barotac Nuevo,Municipality,063000000,PH
Barotac Viejo,Municipality,063000000,PH
Batad,Municipality,063000000,PH
Bingawan,Municipality,063000000,PH
Cabatuan,Municipality,063000000,PH
Calinog,Municipality,063000000,PH
Carles,Municipality,063000000,PH
Concepcion,Municipality,063000000,PH
Dingle,Municipality,063000000,PH
Dueñas,Municipality,063000000,PH
Dumangas,Municipality,063000000,PH
Estancia,Municipality,063000000,PH
Guimbal,Municipality,063000000,PH
Igbaras,Municipality,063000000,PH
Janiuay,Municipality,063000000,PH
Lambunao,Municipality,063000000,PH
Leganes,Municipality,063000000,PH
Lemery,Municipality,063000000,PH
Leon,Municipality,063000000,PH
Maasin,Municipality,063000000,PH
Miagao,Municipality,063000000,PH
Mina,Municipality,063000000,PH
New Lucena,Municipality,063000000,PH
Oton,Municipality,063000000,PH
Pavia,Municipality,063000000,PH
Pototan,Municipality,063000000,PH
San Dionisio,Municipality,063000000,PH
San Enrique,Municipality,063000000,PH
San Joaquin,Municipality,063000000,PH
San Miguel,Municipality,063000000,PH
San Rafael,Municipality,063000000,PH
Santa Barbara,Municipality,063000000,PH
Sara,Municipality,063000000,PH
Tigbauan,Municipality,063000000,PH
Tubungan,Municipality,063000000,PH
Zarraga,Municipality,063000000,PH
Cauayan City,City,023100000,PH
Santiago City,City,023100000,PH
Alicia,Municipality,023100000,PH
Angadanan,Municipality,023100000,PH
Aurora,Municipality,023100000,PH
Benito Soliven,Municipality,023100000,PH
Burgos,Municipality,023100000,PH
Cabagan,Municipality,023100000,PH
Cabatuan,Municipality,023100000,PH
Cordon,Municipality,023100000,PH
Delfin Albano,Municipality,023100000,PH
Dinapigue,Municipality,023100000,PH
Divilacan,Municipality,023100000,PH
Echague,Municipality,023100000,PH
Gamu,Municipality,023100000,PH
Ilagan,Municipality,023100000,PH
Jones,Municipality,023100000,PH
Luna,Municipality,023100000,PH
Maconacon,Municipality,023100000,PH
Mallig,Municipality,023100000,PH
Naguilian,Municipality,023100000,PH
Palanan,Municipality,023100000,PH
Quezon,Municipality,023100000,PH
Quirino,Municipality,023100000,PH
Ramon,Municipality,023100000,PH
Reina Mercedes,Municipality,023100000,PH
Roxas,Municipality,023100000,PH
San Agustin,Municipality,023100000,PH
San Guillermo,Municipality,023100000,PH
San Isidro,Municipality,023100000,PH
San Manuel,Municipality,023100000,PH
San Mariano,Municipality,023100000,PH
San Mateo,Municipality,023100000,PH
San Pablo,Municipality,023100000,PH
Santa Maria,Municipality,023100000,PH
Santo Tomas,Municipality,023100000,PH
Tumauini,Municipality,023100000,PH
Balbalan,Municipality,143200000,PH
Lubuagan,Municipality,143200000,PH
Pasil,Municipality,143200000,PH
Pinukpuk,Municipality,143200000,PH
Rizal,Municipality,143200000,PH
Tabuk,Municipality,143200000,PH
Tanudan,Municipality,143200000,PH
Tinglayan,Municipality,143200000,PH
San Fernando City,City,013300000,PH
Agoo,Municipality,013300000,PH
Aringay,Municipality,013300000,PH
Bacnotan,Municipality,013300000,PH
Bagulin,Municipality,013300000,PH
Balaoan,Municipality,013300000,PH
Bangar,Municipality,013300000,PH
Bauang,Municipality,013300000,PH
Burgos,Municipality,013300000,PH
Caba,Municipality,013300000,PH
Luna,Municipality,013300000,PH
Naguilian,Municipality,013300000,PH
Pugo,Municipality,013300000,PH
Rosario,Municipality,013300000,PH
San Gabriel,Municipality,013300000,PH
San Juan,Municipality,013300000,PH
Santo Tomas,Municipality,013300000,PH
Santol,Municipality,013300000,PH
Sudipen,Municipality,013300000,PH
Tubao,Municipality,013300000,PH
Calamba City,City,043400000,PH
San Pablo City,City,043400000,PH
Santa Rosa City,City,043400000,PH
Alaminos,Municipality,043400000,PH
Bay,Municipality,043400000,PH
Biñan,Municipality,043400000,PH
Cabuyao,Municipality,043400000,PH
Calauan,Municipality,043400000,PH
Cavinti,Municipality,043400000,PH
Famy,Municipality,043400000,PH
Kalayaan,Municipality,043400000,PH
Liliw,Municipality,043400000,PH
Los Baños,Municipality,043400000,PH
Luisiana,Municipality,043400000,PH
Lumban,Municipality,043400000,PH
Mabitac,Municipality,043400000,PH
Magdalena,Municipality,043400000,PH
Majayjay,Municipality,043400000,PH
Nagcarlan,Municipality,043400000,PH
Paete,Municipality,043400000,PH
Pagsanjan,Municipality,043400000,PH
Pakil,Municipality,043400000,PH
Pangil,Municipality,043400000,PH
Pila,Municipality,043400000,PH
Rizal,Municipality,043400000,PH
San Pedro,Municipality,043400000,PH
Santa Cruz,Municipality,043400000,PH
Santa Maria,Municipality,043400000,PH
Siniloan,Municipality,043400000,PH
Victoria,Municipality,043400000,PH
Iligan City,City,103500000,PH
Bacolod,Municipality,103500000,PH
Baloi,Municipality,103500000,PH
Baroy,Municipality,103500000,PH
Kapatagan,Municipality,103500000,PH
Kauswagan,Municipality,103500000,PH
Kolambugan,Municipality,103500000,PH
Lala,Municipality,103500000,PH
Linamon,Municipality,103500000,PH
Magsaysay,Municipality,103500000,PH
Maigo,Municipality,103500000,PH
Matungao,Municipality,103500000,PH
Munai,Municipality,103500000,PH
Nunungan,Municipality,103500000,PH
Pantao Ragat,Municipality,103500000,PH
Pantar,Municipality,103500000,PH
Poona Piagapo,Municipality,103500000,PH
Salvador,Municipality,103500000,PH
Sapad,Municipality,103500000,PH
Sultan Naga Dimaporo,Municipality,103500000,PH
Tagoloan,Municipality,103500000,PH
Tangcal,Municipality,103500000,PH
Tubod,Municipality,103500000,PH
Marawi City,City,153600000,PH
Bacolod-Kalawi,Municipality,153600000,PH
Balabagan,Municipality,153600000,PH
Balindong,Municipality,153600000,PH
Bayang,Municipality,153600000,PH
Binidayan,Municipality,153600000,PH
Buadiposo-Buntong,Municipality,153600000,PH
Bubong,Municipality,153600000,PH
Bumbaran,Municipality,153600000,PH
Butig,Municipality,153600000,PH
Calanogas,Municipality,153600000,PH
Ditsaan-Ramain,Municipality,153600000,PH
Ganassi,Municipality,153600000,PH
Kapai,Municipality,153600000,PH
Kapatagan,Municipality,153600000,PH
Lumba-Bayabao,Municipality,153600000,PH
Lumbaca-Unayan,Municipality,153600000,PH
Lumbatan,Municipality,153600000,PH
Lumbayanague,Municipality,153600000,PH
Madalum,Municipality,153600000,PH
Madamba,Municipality,153600000,PH
Maguing,Municipality,153600000,PH
Malabang,Municipality,153600000,PH
Marantao,Municipality,153600000,PH
Marogong,Municipality,153600000,PH
Masiu,Municipality,153600000,PH
Mulondo,Municipality,153600000,PH
Pagayawan,Municipality,153600000,PH
Piagapo,Municipality,153600000,PH
Poona Bayabao,Municipality,153600000,PH
Pualas,Municipality,153600000,PH
Saguiaran,Municipality,153600000,PH
Sultan Dumalondong,Municipality,153600000,PH
Picong,Municipality,153600000,PH
Tagoloan Ii,Municipality,153600000,PH
Tamparan,Municipality,153600000,PH
Taraka,Municipality,153600000,PH
Tubaran,Municipality,153600000,PH
Tugaya,Municipality,153600000,PH
Wao,Municipality,153600000,PH
Ormoc City,City,083700000,PH
Tacloban City,City,083700000,PH
Abuyog,Municipality,083700000,PH
Alangalang,Municipality,083700000,PH
Albuera,Municipality,083700000,PH
Babatngon,Municipality,083700000,PH
Barugo,Municipality,083700000,PH
Bato,Municipality,083700000,PH
Baybay,Municipality,083700000,PH
Burauen,Municipality,083700000,PH
Calubian,Municipality,083700000,PH
Capoocan,Municipality,083700000,PH
Carigara,Municipality,083700000,PH
Dagami,Municipality,083700000,PH
Dulag,Municipality,083700000,PH
Hilongos,Municipality,083700000,PH
Hindang,Municipality,083700000,PH
Inopacan,Municipality,083700000,PH
Isabel,Municipality,083700000,PH
Jaro,Municipality,083700000,PH
Javier,Municipality,083700000,PH
Julita,Municipality,083700000,PH
Kananga,Municipality,083700000,PH
La Paz,Municipality,083700000,PH
Leyte,Municipality,083700000,PH
Macarthur,Municipality,083700000,PH
Mahaplag,Municipality,083700000,PH
Matag-ob,Municipality,083700000,PH
Matalom,Municipality,083700000,PH
Mayorga,Municipality,083700000,PH
Merida,Municipality,083700000,PH
Palo,Municipality,083700000,PH
Palompon,Municipality,083700000,PH
Pastrana,Municipality,083700000,PH
San Isidro,Municipality,083700000,PH
San Miguel,Municipality,083700000,PH
Santa Fe,Municipality,083700000,PH
Tabango,Municipality,083700000,PH
Tabontabon,Municipality,083700000,PH
Tanauan,Municipality,083700000,PH
Tolosa,Municipality,083700000,PH
Tunga,Municipality,083700000,PH
Villaba,Municipality,083700000,PH
Cotabato City,City,153800000,PH
Ampatuan,Municipality,153800000,PH
Barira,Municipality,153800000,PH
Buldon,Municipality,153800000,PH
Buluan,Municipality,153800000,PH
Datu Abdullah Sangki,Municipality,153800000,PH
Datu Anggal Midtimbang,Municipality,153800000,PH
Datu Blah T. Sinsuat,Municipality,153800000,PH
Datu Hoffer Ampatuan,Municipality,153800000,PH
Datu Montawal,Municipality,153800000,PH
Datu Odin Sinsuat,Municipality,153800000,PH
Datu Paglas,Municipality,153800000,PH
Datu Piang,Municipality,153800000,PH
Datu Salibo,Municipality,153800000,PH
Datu Saudi-Ampatuan,Municipality,153800000,PH
Datu Unsay,Municipality,153800000,PH
General Salipada K. Pendatun,Municipality,153800000,PH
Guindulungan,Municipality,153800000,PH
Kabuntalan,Municipality,153800000,PH
Mamasapano,Municipality,153800000,PH
Mangudadatu,Municipality,153800000,PH
Matanog,Municipality,153800000,PH
Northern Kabuntalan,Municipality,153800000,PH
Pagalungan,Municipality,153800000,PH
Paglat,Municipality,153800000,PH
Pandag,Municipality,153800000,PH
Parang,Municipality,153800000,PH
Rajah Buayan,Municipality,153800000,PH
Shariff Aguak,Municipality,153800000,PH
Shariff Saydona Mustapha,Municipality,153800000,PH
South Upi,Municipality,153800000,PH
Sultan Kudarat,Municipality,153800000,PH
Sultan Mastura,Municipality,153800000,PH
Sultan sa Barongis,Municipality,153800000,PH
Sultan Sumagka,Municipality,153800000,PH
Talayan,Municipality,153800000,PH
Upi,Municipality,153800000,PH
Boac,Municipality,174000000,PH
Buenavista,Municipality,174000000,PH
Gasan,Municipality,174000000,PH
Mogpog,Municipality,174000000,PH
Santa Cruz,Municipality,174000000,PH
Torrijos,Municipality,174000000,PH
Masbate City,City,054100000,PH
Aroroy,Municipality,054100000,PH
Baleno,Municipality,054100000,PH
Balud,Municipality,054100000,PH
Batuan,Municipality,054100000,PH
Cataingan,Municipality,054100000,PH
Cawayan,Municipality,054100000,PH
Claveria,Municipality,054100000,PH
Dimasalang,Municipality,054100000,PH
Esperanza,Municipality,054100000,PH
Mandaon,Municipality,054100000,PH
Milagros,Municipality,054100000,PH
Mobo,Municipality,054100000,PH
Monreal,Municipality,054100000,PH
Palanas,Municipality,054100000,PH
Pio V. Corpuz,Municipality,054100000,PH
Placer,Municipality,054100000,PH
San Fernando,Municipality,054100000,PH
San Jacinto,Municipality,054100000,PH
San Pascual,Municipality,054100000,PH
Uson,Municipality,054100000,PH
Caloocan,City,130100000,PH
Las Piñas,City,130100000,PH
Makati,City,130100000,PH
Malabon,City,130100000,PH
Mandaluyong,City,130100000,PH
Manila,City,130100000,PH
Marikina,City,130100000,PH
Muntinlupa,City,130100000,PH
Parañaque,City,130100000,PH
Pasay,City,130100000,PH
Pasig,City,130100000,PH
Quezon City,City,130100000,PH
Taguig,City,130100000,PH
Valenzuela,City,130100000,PH
Navotas,Municipality,130100000,PH
San Juan,Municipality,130100000,PH
Pateros,Municipality,130100000,PH
Oroquieta City,City,104300000,PH
Ozamis City,City,104300000,PH
Tangub City,City,104300000,PH
Aloran,Municipality,104300000,PH
Baliangao,Municipality,104300000,PH
Bonifacio,Municipality,104300000,PH
Calamba,Municipality,104300000,PH
Clarin,Municipality,104300000,PH
Concepcion,Municipality,104300000,PH
Don Victoriano Chiongbian,Municipality,104300000,PH
Jimenez,Municipality,104300000,PH
Lopez Jaena,Municipality,104300000,PH
Panaon,Municipality,104300000,PH
Plaridel,Municipality,104300000,PH
Sapang Dalaga,Municipality,104300000,PH
Sinacaban,Municipality,104300000,PH
Tudela,Municipality,104300000,PH
Cagayan de Oro,City,104200000,PH
Gingoog City,City,104200000,PH
Alubijid,Municipality,104200000,PH
Balingasag,Municipality,104200000,PH
Balingoan,Municipality,104200000,PH
Binuangan,Municipality,104200000,PH
Claveria,Municipality,104200000,PH
El Salvador,Municipality,104200000,PH
Gitagum,Municipality,104200000,PH
Initao,Municipality,104200000,PH
Jasaan,Municipality,104200000,PH
Kinoguitan,Municipality,104200000,PH
Lagonglong,Municipality,104200000,PH
Laguindingan,Municipality,104200000,PH
Libertad,Municipality,104200000,PH
Lugait,Municipality,104200000,PH
Magsaysay,Municipality,104200000,PH
Manticao,Municipality,104200000,PH
Medina,Municipality,104200000,PH
Naawan,Municipality,104200000,PH
Opol,Municipality,104200000,PH
Salay,Municipality,104200000,PH
Sugbongcogon,Municipality,104200000,PH
Tagoloan,Municipality,104200000,PH
Talisayan,Municipality,104200000,PH
Villanueva,Municipality,104200000,PH
Barlig,Municipality,144400000,PH
Bauko,Municipality,144400000,PH
Besao,Municipality,144400000,PH
Bontoc,Municipality,144400000,PH
Natonin,Municipality,144400000,PH
Paracelis,Municipality,144400000,PH
Sabangan,Municipality,144400000,PH
Sadanga,Municipality,144400000,PH
Sagada,Municipality,144400000,PH
Tadian,Municipality,144400000,PH
Bacolod City,City,184500000,PH
Bago City,City,184500000,PH
Cadiz City,City,184500000,PH
Escalante City,City,184500000,PH
Himamaylan City,City,184500000,PH
Kabankalan City,City,184500000,PH
La Carlota City,City,184500000,PH
Sagay City,City,184500000,PH
San Carlos City,City,184500000,PH
Silay City,City,184500000,PH
Sipalay City,City,184500000,PH
Talisay City,City,184500000,PH
Victorias City,City,184500000,PH
Binalbagan,Municipality,184500000,PH
Calatrava,Municipality,184500000,PH
Candoni,Municipality,184500000,PH
Cauayan,Municipality,184500000,PH
Enrique B. Magalona,Municipality,184500000,PH
Hinigaran,Municipality,184500000,PH
Hinoba-an,Municipality,184500000,PH
Ilog,Municipality,184500000,PH
Isabela,Municipality,184500000,PH
La Castellana,Municipality,184500000,PH
Manapla,Municipality,184500000,PH
Moises Padilla,Municipality,184500000,PH
Murcia,Municipality,184500000,PH
Pontevedra,Municipality,184500000,PH
Pulupandan,Municipality,184500000,PH
Salvador Benedicto,Municipality,184500000,PH
San Enrique,Municipality,184500000,PH
Toboso,Municipality,184500000,PH
Valladolid,Municipality,184500000,PH
Bais,City,184600000,PH
Bayawan,City,184600000,PH
Canlaon,City,184600000,PH
Dumaguete,City,184600000,PH
Tanjay,City,184600000,PH
Amlan,Municipality,184600000,PH
Ayungon,Municipality,184600000,PH
Bacong,Municipality,184600000,PH
Basay,Municipality,184600000,PH
Bindoy,Municipality,184600000,PH
Dauin,Municipality,184600000,PH
Guihulngan,Municipality,184600000,PH
Jimalalud,Municipality,184600000,PH
La Libertad,Municipality,184600000,PH
Mabinay,Municipality,184600000,PH
Manjuyod,Municipality,184600000,PH
Pamplona,Municipality,184600000,PH
San Jose,Municipality,184600000,PH
Santa Catalina,Municipality,184600000,PH
Siaton,Municipality,184600000,PH
Sibulan,Municipality,184600000,PH
Tayasan,Municipality,184600000,PH
Valencia,Municipality,184600000,PH
Vallehermoso,Municipality,184600000,PH
Zamboanguita,Municipality,184600000,PH
Allen,Municipality,084800000,PH
Biri,Municipality,084800000,PH
Bobon,Municipality,084800000,PH
Capul,Municipality,084800000,PH
Catarman,Municipality,084800000,PH
Catubig,Municipality,084800000,PH
Gamay,Municipality,084800000,PH
Laoang,Municipality,084800000,PH
Lapinig,Municipality,084800000,PH
Las Navas,Municipality,084800000,PH
Lavezares,Municipality,084800000,PH
Lope de Vega,Municipality,084800000,PH
Mapanas,Municipality,084800000,PH
Mondragon,Municipality,084800000,PH
Palapag,Municipality,084800000,PH
Pambujan,Municipality,084800000,PH
Rosario,Municipality,084800000,PH
San Antonio,Municipality,084800000,PH
San Isidro,Municipality,084800000,PH
San Jose,Municipality,084800000,PH
San Roque,Municipality,084800000,PH
San Vicente,Municipality,084800000,PH
Silvino Lobos,Municipality,084800000,PH
Victoria,Municipality,084800000,PH
Cabanatuan City,City,034900000,PH
Gapan City,City,034900000,PH
Palayan City,City,034900000,PH
San Jose City,City,034900000,PH
Science City of Muñoz,City,034900000,PH
Aliaga,Municipality,034900000,PH
Bongabon,Municipality,034900000,PH
Cabiao,Municipality,034900000,PH
Carranglan,Municipality,034900000,PH
Cuyapo,Municipality,034900000,PH
Gabaldon,Municipality,034900000,PH
General Mamerto Natividad,Municipality,034900000,PH
General Tinio,Municipality,034900000,PH
Guimba,Municipality,034900000,PH
Jaen,Municipality,034900000,PH
Laur,Municipality,034900000,PH
Licab,Municipality,034900000,PH
Llanera,Municipality,034900000,PH
Lupao,Municipality,034900000,PH
Nampicuan,Municipality,034900000,PH
Pantabangan,Municipality,034900000,PH
Peñaranda,Municipality,034900000,PH
Quezon,Municipality,034900000,PH
Rizal,Municipality,034900000,PH
San Antonio,Municipality,034900000,PH
San Isidro,Municipality,034900000,PH
San Leonardo,Municipality,034900000,PH
Santa Rosa,Municipality,034900000,PH
Santo Domingo,Municipality,034900000,PH
Talavera,Municipality,034900000,PH
Talugtug,Municipality,034900000,PH
Zaragoza,Municipality,034900000,PH
Alfonso Castaneda,Municipality,025000000,PH
Ambaguio,Municipality,025000000,PH
Aritao,Municipality,025000000,PH
Bagabag,Municipality,025000000,PH
Bambang,Municipality,025000000,PH
Bayombong,Municipality,025000000,PH
Diadi,Municipality,025000000,PH
Dupax del Norte,Municipality,025000000,PH
Dupax del Sur,Municipality,025000000,PH
Kasibu,Municipality,025000000,PH
Kayapa,Municipality,025000000,PH
Quezon,Municipality,025000000,PH
Santa Fe,Municipality,025000000,PH
Solano,Municipality,025000000,PH
Villaverde,Municipality,025000000,PH
Abra de Ilog,Municipality,175100000,PH
Calintaan,Municipality,175100000,PH
Looc,Municipality,175100000,PH
Lubang,Municipality,175100000,PH
Magsaysay,Municipality,175100000,PH
Mamburao,Municipality,175100000,PH
Paluan,Municipality,175100000,PH
Rizal,Municipality,175100000,PH
Sablayan,Municipality,175100000,PH
San Jose,Municipality,175100000,PH
Santa Cruz,Municipality,175100000,PH
Calapan City,City,175200000,PH
Baco,Municipality,175200000,PH
Bansud,Municipality,175200000,PH
Bongabong,Municipality,175200000,PH
Bulalacao,Municipality,175200000,PH
Gloria,Municipality,175200000,PH
Mansalay,Municipality,175200000,PH
Naujan,Municipality,175200000,PH
Pinamalayan,Municipality,175200000,PH
Pola,Municipality,175200000,PH
Puerto Galera,Municipality,175200000,PH
Roxas,Municipality,175200000,PH
San Teodoro,Municipality,175200000,PH
Socorro,Municipality,175200000,PH
Victoria,Municipality,175200000,PH
Puerto Princesa City,City,175300000,PH
Aborlan,Municipality,175300000,PH
Agutaya,Municipality,175300000,PH
Araceli,Municipality,175300000,PH
Balabac,Municipality,175300000,PH
Bataraza,Municipality,175300000,PH
Brooke's Point,Municipality,175300000,PH
Busuanga,Municipality,175300000,PH
Cagayancillo,Municipality,175300000,PH
Coron,Municipality,175300000,PH
Culion,Municipality,175300000,PH
Cuyo,Municipality,175300000,PH
Dumaran,Municipality,175300000,PH
El Nido,Municipality,175300000,PH
Kalayaan,Municipality,175300000,PH
Linapacan,Municipality,175300000,PH
Magsaysay,Municipality,175300000,PH
Narra,Municipality,175300000,PH
Quezon,Municipality,175300000,PH
Rizal,Municipality,175300000,PH
Roxas,Municipality,175300000,PH
San Vicente,Municipality,175300000,PH
Sofronio Española,Municipality,175300000,PH
Taytay,Municipality,175300000,PH
Angeles City,City,035400000,PH
City of San Fernando,City,035400000,PH
Apalit,Municipality,035400000,PH
Arayat,Municipality,035400000,PH
Bacolor,Municipality,035400000,PH
Candaba,Municipality,035400000,PH
Floridablanca,Municipality,035400000,PH
Guagua,Municipality,035400000,PH
Lubao,Municipality,035400000,PH
Mabalacat,Municipality,035400000,PH
Macabebe,Municipality,035400000,PH
Magalang,Municipality,035400000,PH
Masantol,Municipality,035400000,PH
Mexico,Municipality,035400000,PH
Minalin,Municipality,035400000,PH
Porac,Municipality,035400000,PH
San Luis,Municipality,035400000,PH
San Simon,Municipality,035400000,PH
Santa Ana,Municipality,035400000,PH
Santa Rita,Municipality,035400000,PH
Santo Tomas,Municipality,035400000,PH
Sasmuan,Municipality,035400000,PH
Alaminos City,City,015500000,PH
Dagupan City,City,015500000,PH
San Carlos City,City,015500000,PH
Urdaneta City,City,015500000,PH
Agno,Municipality,015500000,PH
Aguilar,Municipality,015500000,PH
Alcala,Municipality,015500000,PH
Anda,Municipality,015500000,PH
Asingan,Municipality,015500000,PH
Balungao,Municipality,015500000,PH
Bani,Municipality,015500000,PH
Basista,Municipality,015500000,PH
Bautista,Municipality,015500000,PH
Bayambang,Municipality,015500000,PH
Binalonan,Municipality,015500000,PH
Binmaley,Municipality,015500000,PH
Bolinao,Municipality,015500000,PH
Bugallon,Municipality,015500000,PH
Burgos,Municipality,015500000,PH
Calasiao,Municipality,015500000,PH
Dasol,Municipality,015500000,PH
Infanta,Municipality,015500000,PH
Labrador,Municipality,015500000,PH
Laoac,Municipality,015500000,PH
Lingayen,Municipality,015500000,PH
Mabini,Municipality,015500000,PH
Malasiqui,Municipality,015500000,PH
Manaoag,Municipality,015500000,PH
Mangaldan,Municipality,015500000,PH
Mangatarem,Municipality,015500000,PH
Mapandan,Municipality,015500000,PH
Natividad,Municipality,015500000,PH
Pozzorubio,Municipality,015500000,PH
Rosales,Municipality,015500000,PH
San Fabian,Municipality,015500000,PH
San Jacinto,Municipality,015500000,PH
San Manuel,Municipality,015500000,PH
San Nicolas,Municipality,015500000,PH
San Quintin,Municipality,015500000,PH
Santa Barbara,Municipality,015500000,PH
Santa Maria,Municipality,015500000,PH
Santo Tomas,Municipality,015500000,PH
Sison,Municipality,015500000,PH
Sual,Municipality,015500000,PH
Tayug,Municipality,015500000,PH
Umingan,Municipality,015500000,PH
Urbiztondo,Municipality,015500000,PH
Villasis,Municipality,015500000,PH
Lucena City,City,045600000,PH
Agdangan,Municipality,045600000,PH
Alabat,Municipality,045600000,PH
Atimonan,Municipality,045600000,PH
Buenavista,Municipality,045600000,PH
Burdeos,Municipality,045600000,PH
Calauag,Municipality,045600000,PH
Candelaria,Municipality,045600000,PH
Catanauan,Municipality,045600000,PH
Dolores,Municipality,045600000,PH
General Luna,Municipality,045600000,PH
General Nakar,Municipality,045600000,PH
Guinayangan,Municipality,045600000,PH
Gumaca,Municipality,045600000,PH
Infanta,Municipality,045600000,PH
Jomalig,Municipality,045600000,PH
Lopez,Municipality,045600000,PH
Lucban,Municipality,045600000,PH
Macalelon,Municipality,045600000,PH
Mauban,Municipality,045600000,PH
Mulanay,Municipality,045600000,PH
Padre Burgos,Municipality,045600000,PH
Pagbilao,Municipality,045600000,PH
Panukulan,Municipality,045600000,PH
Patnanungan,Municipality,045600000,PH
Perez,Municipality,045600000,PH
Pitogo,Municipality,045600000,PH
Plaridel,Municipality,045600000,PH
Polillo,Municipality,045600000,PH
Quezon,Municipality,045600000,PH
Real,Municipality,045600000,PH
Sampaloc,Municipality,045600000,PH
San Andres,Municipality,045600000,PH
San Antonio,Municipality,045600000,PH
San Francisco,Municipality,045600000,PH
San Narciso,Municipality,045600000,PH
Sariaya,Municipality,045600000,PH
Tagkawayan,Municipality,045600000,PH
Tayabas,Municipality,045600000,PH
Tiaong,Municipality,045600000,PH
Unisan,Municipality,045600000,PH
Aglipay,Municipality,025700000,PH
Cabarroguis,Municipality,025700000,PH
Diffun,Municipality,025700000,PH
Maddela,Municipality,025700000,PH
Nagtipunan,Municipality,025700000,PH
Saguday,Municipality,025700000,PH
Antipolo City,Municipality,045800000,PH
Angono,Municipality,045800001,PH
Baras,Municipality,045800002,PH
Binangonan,Municipality,045800003,PH
Cainta,Municipality,045800004,PH
Cardona,Municipality,045800005,PH
Jalajala,Municipality,045800006,PH
Morong,Municipality,045800007,PH
Pililla,Municipality,045800008,PH
Rodriguez,Municipality,045800009,PH
San Mateo,Municipality,045800010,PH
Tanay,Municipality,045800011,PH
Taytay,Municipality,045800012,PH
Teresa,Municipality,045800013,PH
Alcantara,Municipality,175900000,PH
Banton,Municipality,175900000,PH
Cajidiocan,Municipality,175900000,PH
Calatrava,Municipality,175900000,PH
Concepcion,Municipality,175900000,PH
Corcuera,Municipality,175900000,PH
Ferrol,Municipality,175900000,PH
Looc,Municipality,175900000,PH
Magdiwang,Municipality,175900000,PH
Odiongan,Municipality,175900000,PH
Romblon,Municipality,175900000,PH
San Agustin,Municipality,175900000,PH
San Andres,Municipality,175900000,PH
San Fernando,Municipality,175900000,PH
San Jose,Municipality,175900000,PH
Santa Fe,Municipality,175900000,PH
Santa Maria,Municipality,175900000,PH
Calbayog City,City,086000000,PH
Catbalogan City,City,086000000,PH
Almagro,Municipality,086000000,PH
Basey,Municipality,086000000,PH
Calbiga,Municipality,086000000,PH
Daram,Municipality,086000000,PH
Gandara,Municipality,086000000,PH
Hinabangan,Municipality,086000000,PH
Jiabong,Municipality,086000000,PH
Marabut,Municipality,086000000,PH
Matuguinao,Municipality,086000000,PH
Motiong,Municipality,086000000,PH
Pagsanghan,Municipality,086000000,PH
Paranas,Municipality,086000000,PH
Pinabacdao,Municipality,086000000,PH
San Jorge,Municipality,086000000,PH
San Jose De Buan,Municipality,086000000,PH
San Sebastian,Municipality,086000000,PH
Santa Margarita,Municipality,086000000,PH
Santa Rita,Municipality,086000000,PH
Santo Niño,Municipality,086000000,PH
Tagapul-an,Municipality,086000000,PH
Talalora,Municipality,086000000,PH
Tarangnan,Municipality,086000000,PH
Villareal,Municipality,086000000,PH
Zumarraga,Municipality,086000000,PH
Alabel,Municipality,128000000,PH
Glan,Municipality,128000000,PH
Kiamba,Municipality,128000000,PH
Maasim,Municipality,128000000,PH
Maitum,Municipality,128000000,PH
Malapatan,Municipality,128000000,PH
Malungon,Municipality,128000000,PH
Enrique Villanueva,Municipality,076100000,PH
Larena,Municipality,076100000,PH
Lazi,Municipality,076100000,PH
Maria,Municipality,076100000,PH
San Juan,Municipality,076100000,PH
Siquijor,Municipality,076100000,PH
Sorsogon City,City,056200000,PH
Barcelona,Municipality,056200000,PH
Bulan,Municipality,056200000,PH
Bulusan,Municipality,056200000,PH
Casiguran,Municipality,056200000,PH
Castilla,Municipality,056200000,PH
Donsol,Municipality,056200000,PH
Gubat,Municipality,056200000,PH
Irosin,Municipality,056200000,PH
Juban,Municipality,056200000,PH
Magallanes,Municipality,056200000,PH
Matnog,Municipality,056200000,PH
Pilar,Municipality,056200000,PH
Prieto Diaz,Municipality,056200000,PH
Santa Magdalena,Municipality,056200000,PH
General Santos City,City,126300000,PH
Koronadal City,City,126300000,PH
Banga,Municipality,126300000,PH
Lake Sebu,Municipality,126300000,PH
Norala,Municipality,126300000,PH
Polomolok,Municipality,126300000,PH
Santo Niño,Municipality,126300000,PH
Surallah,Municipality,126300000,PH
T'Boli,Municipality,126300000,PH
Tampakan,Municipality,126300000,PH
Tantangan,Municipality,126300000,PH
Tupi,Municipality,126300000,PH
Maasin City,City,086400000,PH
Anahawan,Municipality,086400000,PH
Bontoc,Municipality,086400000,PH
Hinunangan,Municipality,086400000,PH
Hinundayan,Municipality,086400000,PH
Libagon,Municipality,086400000,PH
Liloan,Municipality,086400000,PH
Limasawa,Municipality,086400000,PH
Macrohon,Municipality,086400000,PH
Malitbog,Municipality,086400000,PH
Padre Burgos,Municipality,086400000,PH
Pintuyan,Municipality,086400000,PH
Saint Bernard,Municipality,086400000,PH
San Francisco,Municipality,086400000,PH
San Juan,Municipality,086400000,PH
San Ricardo,Municipality,086400000,PH
Silago,Municipality,086400000,PH
Sogod,Municipality,086400000,PH
Tomas Oppus,Municipality,086400000,PH
Tacurong City,City,126500000,PH
Bagumbayan,Municipality,126500000,PH
Columbio,Municipality,126500000,PH
Esperanza,Municipality,126500000,PH
Isulan,Municipality,126500000,PH
Kalamansig,Municipality,126500000,PH
Lambayong,Municipality,126500000,PH
Lebak,Municipality,126500000,PH
Lutayan,Municipality,126500000,PH
Palimbang,Municipality,126500000,PH
President Quirino,Municipality,126500000,PH
Sen. Ninoy Aquino,Municipality,126500000,PH
Hadji Panglima Tahil,Municipality,156600000,PH
Indanan,Municipality,156600000,PH
Jolo,Municipality,156600000,PH
Kalingalan Caluang,Municipality,156600000,PH
Lugus,Municipality,156600000,PH
Luuk,Municipality,156600000,PH
Maimbung,Municipality,156600000,PH
Old Panamao,Municipality,156600000,PH
Pandami,Municipality,156600000,PH
Panglima Estino,Municipality,156600000,PH
Pangutaran,Municipality,156600000,PH
Parang,Municipality,156600000,PH
Pata,Municipality,156600000,PH
Patikul,Municipality,156600000,PH
Siasi,Municipality,156600000,PH
Talipao,Municipality,156600000,PH
Tapul,Municipality,156600000,PH
Tongkil,Municipality,156600000,PH
Surigao City,City,166700000,PH
Alegria,Municipality,166700000,PH
Bacuag,Municipality,166700000,PH
Burgos,Municipality,166700000,PH
Claver,Municipality,166700000,PH
Dapa,Municipality,166700000,PH
Del Carmen,Municipality,166700000,PH
General Luna,Municipality,166700000,PH
Gigaquit,Municipality,166700000,PH
Mainit,Municipality,166700000,PH
Malimono,Municipality,166700000,PH
Pilar,Municipality,166700000,PH
Placer,Municipality,166700000,PH
San Benito,Municipality,166700000,PH
San Francisco,Municipality,166700000,PH
San Isidro,Municipality,166700000,PH
Santa Monica,Municipality,166700000,PH
Sison,Municipality,166700000,PH
Socorro,Municipality,166700000,PH
Tagana-an,Municipality,166700000,PH
Tubod,Municipality,166700000,PH
Bislig City,City,166800000,PH
Barobo,Municipality,166800000,PH
Bayabas,Municipality,166800000,PH
Cagwait,Municipality,166800000,PH
Cantilan,Municipality,166800000,PH
Carmen,Municipality,166800000,PH
Carrascal,Municipality,166800000,PH
Cortes,Municipality,166800000,PH
Hinatuan,Municipality,166800000,PH
Lanuza,Municipality,166800000,PH
Lianga,Municipality,166800000,PH
Lingig,Municipality,166800000,PH
Madrid,Municipality,166800000,PH
Marihatag,Municipality,166800000,PH
San Agustin,Municipality,166800000,PH
San Miguel,Municipality,166800000,PH
Tagbina,Municipality,166800000,PH
Tago,Municipality,166800000,PH
Tandag,Municipality,166800000,PH
Tarlac City,City,036900000,PH
Anao,Municipality,036900000,PH
Bamban,Municipality,036900000,PH
Camiling,Municipality,036900000,PH
Capas,Municipality,036900000,PH
Concepcion,Municipality,036900000,PH
Gerona,Municipality,036900000,PH
La Paz,Municipality,036900000,PH
Mayantoc,Municipality,036900000,PH
Moncada,Municipality,036900000,PH
Paniqui,Municipality,036900000,PH
Pura,Municipality,036900000,PH
Ramos,Municipality,036900000,PH
San Clemente,Municipality,036900000,PH
San Jose,Municipality,036900000,PH
San Manuel,Municipality,036900000,PH
Santa Ignacia,Municipality,036900000,PH
Victoria,Municipality,036900000,PH
Bongao,Municipality,157000000,PH
Languyan,Municipality,157000000,PH
Mapun,Municipality,157000000,PH
Panglima Sugala,Municipality,157000000,PH
Sapa-Sapa,Municipality,157000000,PH
Sibutu,Municipality,157000000,PH
Simunul,Municipality,157000000,PH
Sitangkai,Municipality,157000000,PH
South Ubian,Municipality,157000000,PH
Tandubas,Municipality,157000000,PH
Turtle Islands,Municipality,157000000,PH
Olongapo City,City,037100000,PH
Botolan,Municipality,037100000,PH
Cabangan,Municipality,037100000,PH
Candelaria,Municipality,037100000,PH
Castillejos,Municipality,037100000,PH
Iba,Municipality,037100000,PH
Masinloc,Municipality,037100000,PH
Palauig,Municipality,037100000,PH
San Antonio,Municipality,037100000,PH
San Felipe,Municipality,037100000,PH
San Marcelino,Municipality,037100000,PH
San Narciso,Municipality,037100000,PH
Santa Cruz,Municipality,037100000,PH
Subic,Municipality,037100000,PH
Dapitan City,City,097200000,PH
Dipolog City,City,097200000,PH
Bacungan,Municipality,097200000,PH
Baliguian,Municipality,097200000,PH
Godod,Municipality,097200000,PH
Gutalac,Municipality,097200000,PH
Jose Dalman,Municipality,097200000,PH
Kalawit,Municipality,097200000,PH
Katipunan,Municipality,097200000,PH
La Libertad,Municipality,097200000,PH
Labason,Municipality,097200000,PH
Liloy,Municipality,097200000,PH
Manukan,Municipality,097200000,PH
Mutia,Municipality,097200000,PH
Piñan,Municipality,097200000,PH
Polanco,Municipality,097200000,PH
Pres. Manuel A. Roxas,Municipality,097200000,PH
Rizal,Municipality,097200000,PH
Salug,Municipality,097200000,PH
Sergio Osmeña Sr.,Municipality,097200000,PH
Siayan,Municipality,097200000,PH
Sibuco,Municipality,097200000,PH
Sibutad,Municipality,097200000,PH
Sindangan,Municipality,097200000,PH
Siocon,Municipality,097200000,PH
Sirawai,Municipality,097200000,PH
Tampilisan,Municipality,097200000,PH
Pagadian City,City,097300000,PH
Zamboanga City,City,097300000,PH
Aurora,Municipality,097300000,PH
Bayog,Municipality,097300000,PH
Dimataling,Municipality,097300000,PH
Dinas,Municipality,097300000,PH
Dumalinao,Municipality,097300000,PH
Dumingag,Municipality,097300000,PH
Guipos,Municipality,097300000,PH
Josefina,Municipality,097300000,PH
Kumalarang,Municipality,097300000,PH
Labangan,Municipality,097300000,PH
Lakewood,Municipality,097300000,PH
Lapuyan,Municipality,097300000,PH
Mahayag,Municipality,097300000,PH
Margosatubig,Municipality,097300000,PH
Midsalip,Municipality,097300000,PH
Molave,Municipality,097300000,PH
Pitogo,Municipality,097300000,PH
Ramon Magsaysay,Municipality,097300000,PH
San Miguel,Municipality,097300000,PH
San Pablo,Municipality,097300000,PH
Sominot,Municipality,097300000,PH
Tabina,Municipality,097300000,PH
Tambulig,Municipality,097300000,PH
Tigbao,Municipality,097300000,PH
Tukuran,Municipality,097300000,PH
Vincenzo A. Sagun,Municipality,097300000,PH
Alicia,Municipality,098300000,PH
Buug,Municipality,098300000,PH
Diplahan,Municipality,098300000,PH
Imelda,Municipality,098300000,PH
Ipil,Municipality,098300000,PH
Kabasalan,Municipality,098300000,PH
Mabuhay,Municipality,098300000,PH
Malangas,Municipality,098300000,PH
Naga,Municipality,098300000,PH
Olutanga,Municipality,098300000,PH
Payao,Municipality,098300000,PH
Roseller Lim,Municipality,098300000,PH
Siay,Municipality,098300000,PH
Talusan,Municipality,098300000,PH
Titay,Municipality,098300000,PH
Tungawan,Municipality,098300000,PH